{
  "fpcStiffeners": [
    {
      "id": "e5959",
      "gerber": "Gerber_BottomStiffenerLayer_gpb_0.3.GBSL",
      "layer": "bottom",
      "material": "steel",
      "thickness": "0.3",
      "path": [
        [
          [
            -337.4969,
            -196.1928,
            "L",
            347.5411,
            -196.1928,
            355.8927,
            -199.6522,
            359.3521,
            -208.0038,
            359.3521,
            -479.7337,
            350.1497,
            -501.9504,
            327.933,
            -511.1528,
            -317.8888,
            -511.1528,
            -340.1055,
            -501.9503,
            -349.3079,
            -479.7338,
            -349.3079,
            -208.0038,
            -345.8485,
            -199.6522,
            -337.4827,
            -196.1869,
            -337.4969,
            -196.1928
          ]
        ]
      ]
    },
    {
      "id": "e771",
      "gerber": "Gerber_BottomStiffenerLayer_gpb_0.3.GBSL",
      "layer": "bottom",
      "material": "steel",
      "thickness": "0.3",
      "path": [
        [
          [
            -311.2932,
            492.0992,
            "L",
            -309.2802,
            483.6355,
            -312.5216,
            474.2612,
            -411.5287,
            402.3284,
            -515.9773,
            549.367,
            -419.0883,
            619.761,
            -415.6063,
            620.8924,
            -407.8167,
            620.2794,
            -401.6967,
            616.529,
            -311.2932,
            492.0992
          ]
        ]
      ]
    },
    {
      "id": "e778",
      "gerber": "Gerber_BottomStiffenerLayer_gpb_0.3.GBSL",
      "layer": "bottom",
      "material": "steel",
      "thickness": "0.3",
      "path": [
        [
          [
            -936.6506,
            937.1771,
            "L",
            -927.7978,
            939.3025,
            -781.5014,
            892.5881,
            -773.5697,
            885.8138,
            -772.6899,
            874.6342,
            -809.6222,
            760.9684,
            -980.0481,
            813.7064,
            -941.9437,
            930.9798,
            -936.6506,
            937.1771
          ]
        ]
      ]
    },
    {
      "id": "e779",
      "gerber": "Gerber_BottomStiffenerLayer_gpb_0.3.GBSL",
      "layer": "bottom",
      "material": "steel",
      "thickness": "0.3",
      "path": [
        [
          [
            -1379.1043,
            931.3545,
            "L",
            -1341.4677,
            815.5212,
            -1512.0264,
            763.1918,
            -1548.4535,
            875.3028,
            -1547.665,
            885.3218,
            -1540.2027,
            891.6952,
            -1395.2343,
            938.7982,
            -1384.7576,
            937.9737,
            -1379.1043,
            931.3545
          ]
        ]
      ]
    },
    {
      "id": "e780",
      "gerber": "Gerber_BottomStiffenerLayer_gpb_0.3.GBSL",
      "layer": "bottom",
      "material": "steel",
      "thickness": "0.3",
      "path": [
        [
          [
            -1919.8047,
            614.5543,
            "L",
            -1909.5278,
            620.8519,
            -1897.8079,
            618.0382,
            -1802.2547,
            548.6148,
            -1908.5713,
            402.9333,
            -2003.815,
            472.1319,
            -2010.1127,
            482.4088,
            -2007.299,
            494.1288,
            -1919.8047,
            614.5543
          ]
        ]
      ]
    },
    {
      "id": "e781",
      "gerber": "Gerber_BottomStiffenerLayer_gpb_0.3.GBSL",
      "layer": "bottom",
      "material": "steel",
      "thickness": "0.3",
      "path": [
        [
          [
            -2152.3511,
            45.4338,
            "L",
            -2147.7386,
            56.5693,
            -2136.6031,
            61.1818,
            -2018.4929,
            61.1818,
            -2018.4876,
            -119.9202,
            -2136.6031,
            -119.9202,
            -2147.7386,
            -115.3077,
            -2152.3511,
            -104.1722,
            -2152.3511,
            45.4338
          ]
        ]
      ]
    },
    {
      "id": "e788",
      "gerber": "Gerber_BottomStiffenerLayer_gpb_0.3.GBSL",
      "layer": "bottom",
      "material": "steel",
      "thickness": "0.3",
      "path": [
        [
          [
            -401.8502,
            -672.5729,
            "L",
            -412.1271,
            -678.8705,
            -423.847,
            -676.0568,
            -519.4002,
            -606.6333,
            -413.0836,
            -460.9518,
            -317.8399,
            -530.1505,
            -311.5422,
            -540.4273,
            -314.3559,
            -552.1474,
            -401.8502,
            -672.5729
          ]
        ]
      ]
    },
    {
      "id": "e789",
      "gerber": "Gerber_BottomStiffenerLayer_gpb_0.3.GBSL",
      "layer": "bottom",
      "material": "steel",
      "thickness": "0.3",
      "path": [
        [
          [
            2162.7372,
            -103.9729,
            "L",
            2158.1247,
            -115.1084,
            2146.9892,
            -119.7209,
            2028.879,
            -119.7209,
            2028.8737,
            61.3811,
            2146.9892,
            61.3811,
            2158.1247,
            56.7687,
            2162.7372,
            45.6331,
            2162.7372,
            -103.9729
          ]
        ]
      ]
    },
    {
      "id": "e790",
      "gerber": "Gerber_BottomStiffenerLayer_gpb_0.3.GBSL",
      "layer": "bottom",
      "material": "steel",
      "thickness": "0.3",
      "path": [
        [
          [
            -942.9555,
            -987.1918,
            "L",
            -980.5921,
            -871.3585,
            -810.0334,
            -819.029,
            -773.6063,
            -931.14,
            -774.3948,
            -941.1591,
            -781.8571,
            -947.5324,
            -926.8255,
            -994.6354,
            -937.3022,
            -993.8109,
            -942.9555,
            -987.1918
          ]
        ]
      ]
    },
    {
      "id": "e791",
      "gerber": "Gerber_BottomStiffenerLayer_gpb_0.3.GBSL",
      "layer": "bottom",
      "material": "steel",
      "thickness": "0.3",
      "path": [
        [
          [
            -1382.6827,
            -992.6343,
            "L",
            -1391.5355,
            -994.7596,
            -1537.8319,
            -948.0452,
            -1545.7636,
            -941.2709,
            -1546.6434,
            -930.0913,
            -1509.7111,
            -816.4256,
            -1339.2852,
            -869.1636,
            -1377.3896,
            -986.437,
            -1382.6827,
            -992.6343
          ]
        ]
      ]
    },
    {
      "id": "e792",
      "gerber": "Gerber_BottomStiffenerLayer_gpb_0.3.GBSL",
      "layer": "bottom",
      "material": "steel",
      "thickness": "0.3",
      "path": [
        [
          [
            -2006.4019,
            -549.5001,
            "L",
            -2008.4149,
            -541.0363,
            -2005.1735,
            -531.6621,
            -1906.1664,
            -459.7292,
            -1801.7178,
            -606.7679,
            -1898.6068,
            -677.1619,
            -1902.0888,
            -678.2933,
            -1909.8784,
            -677.6802,
            -1915.9984,
            -673.9299,
            -2006.4019,
            -549.5001
          ]
        ]
      ]
    },
    {
      "id": "e793",
      "gerber": "Gerber_BottomStiffenerLayer_gpb_0.3.GBSL",
      "layer": "bottom",
      "material": "steel",
      "thickness": "0.3",
      "path": [
        [
          [
            323.8024,
            -550.1548,
            "L",
            321.7894,
            -541.6911,
            325.0307,
            -532.3168,
            424.0378,
            -460.384,
            528.4864,
            -607.4226,
            431.5974,
            -677.8166,
            428.1154,
            -678.948,
            420.3259,
            -678.335,
            414.2058,
            -674.5846,
            323.8024,
            -550.1548
          ]
        ]
      ]
    },
    {
      "id": "e794",
      "gerber": "Gerber_BottomStiffenerLayer_gpb_0.3.GBSL",
      "layer": "bottom",
      "material": "steel",
      "thickness": "0.3",
      "path": [
        [
          [
            947.6641,
            -992.2459,
            "L",
            938.8113,
            -994.3713,
            792.5148,
            -947.6569,
            784.5832,
            -940.8826,
            783.7034,
            -929.703,
            820.6356,
            -816.0372,
            991.0615,
            -868.7752,
            952.9571,
            -986.0486,
            947.6641,
            -992.2459
          ]
        ]
      ]
    },
    {
      "id": "e795",
      "gerber": "Gerber_BottomStiffenerLayer_gpb_0.3.GBSL",
      "layer": "bottom",
      "material": "steel",
      "thickness": "0.3",
      "path": [
        [
          [
            1388.3415,
            -986.9913,
            "L",
            1350.705,
            -871.158,
            1521.2637,
            -818.8285,
            1557.6907,
            -930.9396,
            1556.9022,
            -940.9586,
            1549.44,
            -947.3319,
            1404.4716,
            -994.435,
            1393.9948,
            -993.6105,
            1388.3415,
            -986.9913
          ]
        ]
      ]
    },
    {
      "id": "e796",
      "gerber": "Gerber_BottomStiffenerLayer_gpb_0.3.GBSL",
      "layer": "bottom",
      "material": "steel",
      "thickness": "0.3",
      "path": [
        [
          [
            1928.7116,
            -672.1597,
            "L",
            1918.4347,
            -678.4573,
            1906.7148,
            -675.6436,
            1811.1616,
            -606.2202,
            1917.4781,
            -460.5387,
            2012.7219,
            -529.7373,
            2019.0196,
            -540.0142,
            2016.2059,
            -551.7342,
            1928.7116,
            -672.1597
          ]
        ]
      ]
    },
    {
      "id": "e797",
      "gerber": "Gerber_BottomStiffenerLayer_gpb_0.3.GBSL",
      "layer": "bottom",
      "material": "steel",
      "thickness": "0.3",
      "path": [
        [
          [
            2018.7685,
            492.7273,
            "L",
            2020.7815,
            484.2635,
            2017.5401,
            474.8893,
            1918.533,
            402.9564,
            1814.0844,
            549.9951,
            1910.9734,
            620.3891,
            1914.4554,
            621.5205,
            1922.2449,
            620.9074,
            1928.365,
            617.1571,
            2018.7685,
            492.7273
          ]
        ]
      ]
    },
    {
      "id": "e798",
      "gerber": "Gerber_BottomStiffenerLayer_gpb_0.3.GBSL",
      "layer": "bottom",
      "material": "steel",
      "thickness": "0.3",
      "path": [
        [
          [
            1394.5514,
            937.8052,
            "L",
            1403.4042,
            939.9305,
            1549.7007,
            893.2161,
            1557.6323,
            886.4418,
            1558.5121,
            875.2622,
            1521.5799,
            761.5965,
            1351.154,
            814.3345,
            1389.2584,
            931.6079,
            1394.5514,
            937.8052
          ]
        ]
      ]
    },
    {
      "id": "e799",
      "gerber": "Gerber_BottomStiffenerLayer_gpb_0.3.GBSL",
      "layer": "bottom",
      "material": "steel",
      "thickness": "0.3",
      "path": [
        [
          [
            951.9552,
            931.4125,
            "L",
            989.5917,
            815.5792,
            819.0331,
            763.2497,
            782.606,
            875.3607,
            783.3945,
            885.3798,
            790.8568,
            891.7531,
            935.8251,
            938.8562,
            946.3019,
            938.0316,
            951.9552,
            931.4125
          ]
        ]
      ]
    },
    {
      "id": "e800",
      "gerber": "Gerber_BottomStiffenerLayer_gpb_0.3.GBSL",
      "layer": "bottom",
      "material": "steel",
      "thickness": "0.3",
      "path": [
        [
          [
            410.4471,
            615.3725,
            "L",
            420.7239,
            621.6701,
            432.4439,
            618.8564,
            527.997,
            549.4329,
            421.6805,
            403.7515,
            326.4368,
            472.9501,
            320.1391,
            483.227,
            322.9528,
            494.947,
            410.4471,
            615.3725
          ]
        ]
      ]
    },
    {
      "id": "e4196",
      "gerber": "Gerber_BottomStiffenerLayer_gpb_0.3.GBSL",
      "layer": "bottom",
      "material": "steel",
      "thickness": "0.3",
      "path": [
        [
          [
            -344.8423,
            143.2895,
            "L",
            -338.2273,
            139.9483,
            348.7612,
            139.9875,
            353.3962,
            141.8775,
            357.4462,
            149.1225,
            357.4355,
            423.3968,
            351.9145,
            439.0062,
            329.9686,
            450.9284,
            -319.2471,
            450.89,
            -337.3287,
            443.5606,
            -347.0107,
            425.7912,
            -347.2385,
            374.3056,
            -136.7326,
            375.4304,
            -135.5793,
            219.4785,
            -346.0354,
            219.4358,
            -344.8423,
            143.2895
          ]
        ]
      ]
    }
  ]
}